{
	"lint": "pnpm pes lint:js",
	"lint:js": "eslint src --ext .js",
	"lint-fix": "pnpm pes lint-fix:js",
	"lint-fix:js": "eslint src --ext .js --fix",
	"rm-dist": "rimraf dist",
	"rm-c": "rimraf dist/chrome",
	"rm-f": "rimraf dist/firefox",
	"build": "pnpm pes lint-fix && pnpm pes rm-dist && pnpm pes build-c && pnpm pes build-f",
	"build-c": "pnpm pes build-c-man && pnpm pes build-c-comp",
	"build-c-man": "parcel build src/man/chrome/manifest.json --dist-dir dist/chrome --no-content-hash --no-source-maps --no-cache --detailed-report 0",
	"build-c-comp" : "web-ext build --source-dir=./dist/chrome --artifacts-dir=dist/comp --filename=chrome-{name}-{version}.zip",
	"build-f": "pnpm pes build-f-man && pnpm pes build-f-comp",
	"build-f-man": "parcel build src/man/firefox/manifest.json --dist-dir dist/firefox --no-content-hash --no-source-maps --no-cache --detailed-report 0",
	"build-f-comp" : "web-ext build --source-dir=./dist/firefox --artifacts-dir=dist/comp --filename=firefox-{name}-{version}.zip",
	"dev": "pnpm pes web-ext-c",
	"dev-c": "pnpm pes rm-c && pnpm pes server-c",
	"dev-f": "pnpm pes rm-f && pnpm pes server-f",
	"server-c": "parcel watch src/man/chrome/manifest.json --dist-dir dist/chrome --no-cache --no-hmr",
	"server-f": "parcel watch src/man/firefox/manifest.json --dist-dir dist/firefox --no-cache --no-hmr",
	"web-ext-c": "web-ext run -t chromium --source-dir ./dist/chrome",
	"web-ext-f": "web-ext run -t firefox-desktop --source-dir ./dist/firefox"
}
